"","V1","V2","V3","V4","V5","V6"
"2","MID","APXMIDP",20180101,1,47.27,781.35
"3","MID","APXMIDP",20180101,2,48.57,655.4
"4","MID","APXMIDP",20180101,3,52.32,821.5
"5","MID","APXMIDP",20180101,4,51.18,815.2
"6","MID","APXMIDP",20180101,5,46.08,709.05
"7","MID","APXMIDP",20180101,6,46.01,649.6
"8","MID","APXMIDP",20180101,7,39.24,551.35
"9","MID","APXMIDP",20180101,8,37.6,620.4
"10","MID","APXMIDP",20180101,9,36.62,434.65
"11","MID","APXMIDP",20180101,10,35.65,682.85
"12","MID","APXMIDP",20180101,11,38.28,632.1
"13","MID","APXMIDP",20180101,12,40.21,616.95
"14","MID","APXMIDP",20180101,13,44.55,668.15
"15","MID","APXMIDP",20180101,14,43.72,813.9
"16","MID","APXMIDP",20180101,15,47.66,624.35
"17","MID","APXMIDP",20180101,16,49.47,445.8
"18","MID","APXMIDP",20180101,17,43.89,590.8
"19","MID","APXMIDP",20180101,18,47.66,404.5
"20","MID","APXMIDP",20180101,19,43.31,470.65
"21","MID","APXMIDP",20180101,20,41.53,570.7
"22","MID","APXMIDP",20180101,21,45.01,711.8
"23","MID","APXMIDP",20180101,22,45.04,874
"24","MID","APXMIDP",20180101,23,53.47,622.65
"25","MID","APXMIDP",20180101,24,59.07,728
"26","MID","APXMIDP",20180101,25,57.29,456.55
"27","MID","APXMIDP",20180101,26,58.39,477.4
"28","MID","APXMIDP",20180101,27,56.59,793
"29","MID","APXMIDP",20180101,28,58.24,958.45
"30","MID","APXMIDP",20180101,29,54.55,1137.65
"31","MID","APXMIDP",20180101,30,51.25,1256.05
"32","MID","APXMIDP",20180101,31,57.96,1147.3
"33","MID","APXMIDP",20180101,32,59.5,1028.5
"34","MID","APXMIDP",20180101,33,61.51,1034.5
"35","MID","APXMIDP",20180101,34,63.3,989.95
"36","MID","APXMIDP",20180101,35,61.7,1201.3
"37","MID","APXMIDP",20180101,36,60.02,1278.6
"38","MID","APXMIDP",20180101,37,57.36,1153.85
"39","MID","APXMIDP",20180101,38,54.29,1259.8
"40","MID","APXMIDP",20180101,39,44.99,1058.15
"41","MID","APXMIDP",20180101,40,45.86,1065
"42","MID","APXMIDP",20180101,41,47.7,1145.35
"43","MID","APXMIDP",20180101,42,44.73,1159
"44","MID","APXMIDP",20180101,43,45.79,1414.8
"45","MID","APXMIDP",20180101,44,45.55,1429.6
"46","MID","APXMIDP",20180101,45,44.94,1619.1
"47","MID","APXMIDP",20180101,46,44.63,1456.5
"48","MID","APXMIDP",20180101,47,44.13,576.6
"49","MID","APXMIDP",20180101,48,38.35,454.5
"210","MID","APXMIDP",20180102,1,39.23,339.7
"310","MID","APXMIDP",20180102,2,39.59,414.5
"410","MID","APXMIDP",20180102,3,37.98,422.95
"51","MID","APXMIDP",20180102,4,37.84,391.5
"61","MID","APXMIDP",20180102,5,36.36,378.3
"71","MID","APXMIDP",20180102,6,36.73,425.3
"81","MID","APXMIDP",20180102,7,40.04,439
"91","MID","APXMIDP",20180102,8,42.98,398.45
"101","MID","APXMIDP",20180102,9,41.16,420
"111","MID","APXMIDP",20180102,10,42.01,461.65
"121","MID","APXMIDP",20180102,11,53.24,361.75
"131","MID","APXMIDP",20180102,12,54.15,390
"141","MID","APXMIDP",20180102,13,57.07,523.4
"151","MID","APXMIDP",20180102,14,46.97,759.05
"161","MID","APXMIDP",20180102,15,42.56,636.25
"171","MID","APXMIDP",20180102,16,47.04,656.5
"181","MID","APXMIDP",20180102,17,50.67,670.3
"191","MID","APXMIDP",20180102,18,52.35,688.2
"201","MID","APXMIDP",20180102,19,49.58,608.55
"211","MID","APXMIDP",20180102,20,49.21,822.5
"221","MID","APXMIDP",20180102,21,49.74,841.3
"231","MID","APXMIDP",20180102,22,50.69,998.2
"241","MID","APXMIDP",20180102,23,51.08,680.25
"251","MID","APXMIDP",20180102,24,51.29,655.2
"261","MID","APXMIDP",20180102,25,50.65,760.5
"271","MID","APXMIDP",20180102,26,48.95,789.3
"281","MID","APXMIDP",20180102,27,45.47,838.75
"291","MID","APXMIDP",20180102,28,44.5,938.8
"301","MID","APXMIDP",20180102,29,44.95,868.25
"311","MID","APXMIDP",20180102,30,44.43,994.6
"321","MID","APXMIDP",20180102,31,52.77,1024.95
"331","MID","APXMIDP",20180102,32,54.08,848.05
"341","MID","APXMIDP",20180102,33,52.36,1102.3
"351","MID","APXMIDP",20180102,34,63.1,944.95
"361","MID","APXMIDP",20180102,36,71.32,1331.55
"371","MID","APXMIDP",20180102,37,69.85,1409.95
"381","MID","APXMIDP",20180102,38,63.56,1303.95
"391","MID","APXMIDP",20180102,39,58.6,1153.5
"401","MID","APXMIDP",20180102,40,53.31,979.75
"411","MID","APXMIDP",20180102,41,52.1,835.25
"421","MID","APXMIDP",20180102,42,48.35,943.75
"431","MID","APXMIDP",20180102,43,49.7,1331.15
"441","MID","APXMIDP",20180102,44,46.55,1249.75
"451","MID","APXMIDP",20180102,45,46.24,1464.75
"461","MID","APXMIDP",20180102,46,45.96,2053.6
"471","MID","APXMIDP",20180102,47,47.32,608.55
"481","MID","APXMIDP",20180102,48,42.01,516.15
"212","MID","APXMIDP",20180103,1,44.83,383.05
"312","MID","APXMIDP",20180103,2,46.65,277
"412","MID","APXMIDP",20180103,3,50.01,449.5
"52","MID","APXMIDP",20180103,4,48.22,305.5
"62","MID","APXMIDP",20180103,5,47.5,326
"72","MID","APXMIDP",20180103,6,48.59,498.85
"82","MID","APXMIDP",20180103,7,46.4,379.55
"92","MID","APXMIDP",20180103,8,45.36,319.25
"102","MID","APXMIDP",20180103,9,42.99,319.9
"112","MID","APXMIDP",20180103,10,43.25,401.25
"122","MID","APXMIDP",20180103,11,48.38,366.15
"132","MID","APXMIDP",20180103,12,47.11,609.3
"142","MID","APXMIDP",20180103,13,54.36,581.7
"152","MID","APXMIDP",20180103,14,48.46,1008.7
"162","MID","APXMIDP",20180103,15,50.71,478.5
"172","MID","APXMIDP",20180103,16,54.35,645.9
"182","MID","APXMIDP",20180103,17,42.97,377
"192","MID","APXMIDP",20180103,18,44.23,414
"202","MID","APXMIDP",20180103,19,43.33,451.9
"213","MID","APXMIDP",20180103,20,43.06,569.3
"222","MID","APXMIDP",20180103,21,42.64,685.95
"232","MID","APXMIDP",20180103,22,43.89,802.35
"242","MID","APXMIDP",20180103,23,42.38,1017.8
"252","MID","APXMIDP",20180103,24,42,1086.5
"262","MID","APXMIDP",20180103,25,42.35,1088.85
"272","MID","APXMIDP",20180103,26,42.73,1154.15
"282","MID","APXMIDP",20180103,27,43.14,1069
"292","MID","APXMIDP",20180103,28,42.85,1128.5
"302","MID","APXMIDP",20180103,29,42.82,1033.3
"313","MID","APXMIDP",20180103,30,42.99,1178.3
"322","MID","APXMIDP",20180103,31,49,1487.15
"332","MID","APXMIDP",20180103,32,50.46,1479.15
"342","MID","APXMIDP",20180103,33,49.42,1452.75
"352","MID","APXMIDP",20180103,34,65.33,1034.15
"362","MID","APXMIDP",20180103,35,71.33,1254
"372","MID","APXMIDP",20180103,36,68.22,1166.55
"382","MID","APXMIDP",20180103,37,71.1,1250.25
"392","MID","APXMIDP",20180103,38,62.93,1040.3
"402","MID","APXMIDP",20180103,39,56.46,1039.9
"413","MID","APXMIDP",20180103,40,47.21,850.55
"422","MID","APXMIDP",20180103,41,46.44,898.5
"432","MID","APXMIDP",20180103,42,45.26,1002.8
"442","MID","APXMIDP",20180103,43,45.42,1009.45
"452","MID","APXMIDP",20180103,44,45.55,1074.3
"462","MID","APXMIDP",20180103,45,42.15,1139.9
"472","MID","APXMIDP",20180103,46,41.13,1105.65
"482","MID","APXMIDP",20180103,47,40.37,809.9
"491","MID","APXMIDP",20180103,48,39.09,833.55
"214","MID","APXMIDP",20180104,1,39.31,424.1
"314","MID","APXMIDP",20180104,2,40.72,471.25
"414","MID","APXMIDP",20180104,3,41.62,431.7
"53","MID","APXMIDP",20180104,4,39.62,414.85
"63","MID","APXMIDP",20180104,5,38.88,482
"73","MID","APXMIDP",20180104,6,39.26,430.05
"83","MID","APXMIDP",20180104,7,42.17,630.6
"93","MID","APXMIDP",20180104,8,42.24,507.25
"103","MID","APXMIDP",20180104,9,42.1,637.4
"113","MID","APXMIDP",20180104,10,41.86,586.15
"123","MID","APXMIDP",20180104,11,42.08,565.45
"133","MID","APXMIDP",20180104,12,41.97,583.3
"143","MID","APXMIDP",20180104,13,49.45,1211.25
"153","MID","APXMIDP",20180104,14,43.88,1042.2
"163","MID","APXMIDP",20180104,15,45.84,893.3
"173","MID","APXMIDP",20180104,16,45.5,495.15
"183","MID","APXMIDP",20180104,17,42.3,441.45
"193","MID","APXMIDP",20180104,18,41.22,590.35
"203","MID","APXMIDP",20180104,19,43.93,726.65
"215","MID","APXMIDP",20180104,20,43.24,831.7
"223","MID","APXMIDP",20180104,21,42.3,1080.85
"233","MID","APXMIDP",20180104,22,42.51,1363.5
"243","MID","APXMIDP",20180104,23,42.21,1823.6
"253","MID","APXMIDP",20180104,24,42.93,1864.75
"263","MID","APXMIDP",20180104,25,42.63,1891.5
"273","MID","APXMIDP",20180104,26,42.39,2107.25
"283","MID","APXMIDP",20180104,27,41.15,1708.4
"293","MID","APXMIDP",20180104,28,41.06,1754.1
"303","MID","APXMIDP",20180104,29,41.28,1803.25
"315","MID","APXMIDP",20180104,30,41.59,1785.95
"323","MID","APXMIDP",20180104,31,43.51,1058
"333","MID","APXMIDP",20180104,32,45.4,725.1
"343","MID","APXMIDP",20180104,33,43.2,985.85
"353","MID","APXMIDP",20180104,34,64.09,1137
"363","MID","APXMIDP",20180104,35,64.04,1274.75
"373","MID","APXMIDP",20180104,36,66.4,1508.9
"383","MID","APXMIDP",20180104,37,63.64,1372.45
"393","MID","APXMIDP",20180104,38,62.2,1187.95
"403","MID","APXMIDP",20180104,39,54.65,1403.45
"415","MID","APXMIDP",20180104,40,52.36,1118.45
"423","MID","APXMIDP",20180104,41,51.61,1018.05
"433","MID","APXMIDP",20180104,42,49.07,1318.8
"443","MID","APXMIDP",20180104,43,48.49,1246.15
"453","MID","APXMIDP",20180104,44,45.72,1195.05
"463","MID","APXMIDP",20180104,45,45.03,1691.25
"473","MID","APXMIDP",20180104,46,44.65,1775.45
"483","MID","APXMIDP",20180104,47,42.14,546
"492","MID","APXMIDP",20180104,48,42.45,426.35
"216","MID","APXMIDP",20180105,1,47.34,194.15
"316","MID","APXMIDP",20180105,2,51.09,154.2
"416","MID","APXMIDP",20180105,3,49.72,276.75
"54","MID","APXMIDP",20180105,4,47.4,368.35
"64","MID","APXMIDP",20180105,5,47.94,263.35
"74","MID","APXMIDP",20180105,6,48.56,221.4
"84","MID","APXMIDP",20180105,7,45.39,177.2
"94","MID","APXMIDP",20180105,8,43.7,240.6
"104","MID","APXMIDP",20180105,9,43.67,240.2
"114","MID","APXMIDP",20180105,10,44.1,228.35
"124","MID","APXMIDP",20180105,11,45.56,227.9
"134","MID","APXMIDP",20180105,12,44.89,357.5
"144","MID","APXMIDP",20180105,13,49.84,725.65
"154","MID","APXMIDP",20180105,14,43.75,657.05
"164","MID","APXMIDP",20180105,15,44.14,692.65
"174","MID","APXMIDP",20180105,16,45.39,564.4
"184","MID","APXMIDP",20180105,17,42.68,492
"194","MID","APXMIDP",20180105,18,45.04,555.65
"204","MID","APXMIDP",20180105,19,47.56,856.1
"217","MID","APXMIDP",20180105,20,48.46,852.4
"224","MID","APXMIDP",20180105,21,49.21,1090.35
"234","MID","APXMIDP",20180105,22,48.69,997.25
"244","MID","APXMIDP",20180105,23,48.44,1346.8
"254","MID","APXMIDP",20180105,24,48.09,1563.25
"264","MID","APXMIDP",20180105,25,48.2,1662.75
"274","MID","APXMIDP",20180105,26,47.77,1889.35
"284","MID","APXMIDP",20180105,27,47.64,2111.55
"294","MID","APXMIDP",20180105,28,47.75,2224.65
"304","MID","APXMIDP",20180105,29,47.85,2183.6
"317","MID","APXMIDP",20180105,30,47.45,2246.35
"324","MID","APXMIDP",20180105,31,59.17,1262
"334","MID","APXMIDP",20180105,32,57.76,1520.85
"344","MID","APXMIDP",20180105,33,61.73,1477
"354","MID","APXMIDP",20180105,34,94.16,1560.85
"364","MID","APXMIDP",20180105,35,97.5,1794.35
"374","MID","APXMIDP",20180105,36,97.01,1924.35
"384","MID","APXMIDP",20180105,37,89.33,1982
"394","MID","APXMIDP",20180105,38,77.47,1837.5
"404","MID","APXMIDP",20180105,39,58.07,1518.85
"417","MID","APXMIDP",20180105,40,54.58,1274.5
"424","MID","APXMIDP",20180105,41,57.31,1431.85
"434","MID","APXMIDP",20180105,42,52.56,1510.6
"444","MID","APXMIDP",20180105,43,51.53,1484.15
"454","MID","APXMIDP",20180105,44,52.33,1157
"464","MID","APXMIDP",20180105,45,52.68,1123.3
"474","MID","APXMIDP",20180105,46,54.33,1173
"484","MID","APXMIDP",20180105,47,54.8,863.9
"493","MID","APXMIDP",20180105,48,55.51,600.9
"218","MID","APXMIDP",20180106,1,58.13,584.9
"318","MID","APXMIDP",20180106,2,58.41,656.4
"418","MID","APXMIDP",20180106,3,56.83,549.15
"55","MID","APXMIDP",20180106,4,55.05,398.4
"65","MID","APXMIDP",20180106,5,52.82,722.4
"75","MID","APXMIDP",20180106,6,51.97,739.3
"85","MID","APXMIDP",20180106,7,49.42,484.6
"95","MID","APXMIDP",20180106,8,43.76,395.9
"105","MID","APXMIDP",20180106,9,42.91,416.1
"115","MID","APXMIDP",20180106,10,41.95,535.9
"125","MID","APXMIDP",20180106,11,40.02,549
"135","MID","APXMIDP",20180106,12,39.61,602.15
"145","MID","APXMIDP",20180106,13,42.55,553.95
"155","MID","APXMIDP",20180106,14,41.89,608.6
"165","MID","APXMIDP",20180106,15,42.79,735
"175","MID","APXMIDP",20180106,16,44.01,535
"185","MID","APXMIDP",20180106,17,44.7,588.25
"195","MID","APXMIDP",20180106,18,54.55,641.1
"205","MID","APXMIDP",20180106,19,55.48,636.15
"219","MID","APXMIDP",20180106,20,54.18,612.8
"225","MID","APXMIDP",20180106,21,53.89,567.35
"235","MID","APXMIDP",20180106,22,53,644.7
"245","MID","APXMIDP",20180106,23,54.1,550.2
"255","MID","APXMIDP",20180106,24,52.61,536
"265","MID","APXMIDP",20180106,25,51.33,660
"275","MID","APXMIDP",20180106,26,53.09,689.05
"285","MID","APXMIDP",20180106,27,53.5,669.15
"295","MID","APXMIDP",20180106,28,49.64,515.35
"305","MID","APXMIDP",20180106,29,47.23,585.1
"319","MID","APXMIDP",20180106,30,45.11,855.45
"325","MID","APXMIDP",20180106,31,50.46,1054.85
"335","MID","APXMIDP",20180106,32,50.94,932.35
"345","MID","APXMIDP",20180106,33,53.24,795.45
"355","MID","APXMIDP",20180106,34,73.48,926.05
"365","MID","APXMIDP",20180106,35,79.5,688.9
"375","MID","APXMIDP",20180106,36,81.84,712.1
"385","MID","APXMIDP",20180106,37,81.43,812.5
"395","MID","APXMIDP",20180106,38,70.96,599.95
"405","MID","APXMIDP",20180106,39,67.27,549.15
"419","MID","APXMIDP",20180106,40,48.87,279.5
"425","MID","APXMIDP",20180106,41,49.89,458.7
"435","MID","APXMIDP",20180106,42,47.51,592.8
"445","MID","APXMIDP",20180106,43,44.33,1017.05
"455","MID","APXMIDP",20180106,44,44.3,901.7
"465","MID","APXMIDP",20180106,45,44.9,672.5
"475","MID","APXMIDP",20180106,46,44.5,1049
"485","MID","APXMIDP",20180106,47,54.09,420.9
"494","MID","APXMIDP",20180106,48,49.46,389.75
"220","MID","APXMIDP",20180107,1,47.8,279.35
"320","MID","APXMIDP",20180107,2,47.34,266.1
"420","MID","APXMIDP",20180107,3,44.63,243.05
"56","MID","APXMIDP",20180107,4,43.43,314.65
"66","MID","APXMIDP",20180107,5,42.68,365.05
"76","MID","APXMIDP",20180107,6,42.11,429.55
"86","MID","APXMIDP",20180107,7,42.65,333.7
"96","MID","APXMIDP",20180107,8,42.09,390
"106","MID","APXMIDP",20180107,9,42.17,406.05
"116","MID","APXMIDP",20180107,10,42.57,473.55
"126","MID","APXMIDP",20180107,11,43.17,494.75
"136","MID","APXMIDP",20180107,12,41.68,349.05
"146","MID","APXMIDP",20180107,13,42.75,369.85
"156","MID","APXMIDP",20180107,14,42.86,497.55
"166","MID","APXMIDP",20180107,15,42.77,1058.2
"176","MID","APXMIDP",20180107,16,42.79,903.6
"186","MID","APXMIDP",20180107,17,41.92,985.4
"196","MID","APXMIDP",20180107,18,42.84,887.5
"206","MID","APXMIDP",20180107,19,45.28,699.25
"2110","MID","APXMIDP",20180107,20,47.99,795
"226","MID","APXMIDP",20180107,21,49.29,652.5
"236","MID","APXMIDP",20180107,22,48.85,711.55
"246","MID","APXMIDP",20180107,23,52.73,1074.35
"256","MID","APXMIDP",20180107,24,55.2,1064.75
"266","MID","APXMIDP",20180107,25,50.92,853.85
"276","MID","APXMIDP",20180107,26,48.12,839.45
"286","MID","APXMIDP",20180107,27,45.91,749.45
"296","MID","APXMIDP",20180107,28,45.79,863.45
"306","MID","APXMIDP",20180107,29,46.17,879.85
"3110","MID","APXMIDP",20180107,30,46.57,713.95
"326","MID","APXMIDP",20180107,31,51.59,728.8
"336","MID","APXMIDP",20180107,32,49.96,689.35
"346","MID","APXMIDP",20180107,33,53.29,825.5
"356","MID","APXMIDP",20180107,34,73.42,816.6
"366","MID","APXMIDP",20180107,35,82.96,811.85
"376","MID","APXMIDP",20180107,36,80.55,743
"386","MID","APXMIDP",20180107,37,75.74,607.65
"396","MID","APXMIDP",20180107,38,62.59,666.95
"406","MID","APXMIDP",20180107,39,49.87,780.75
"4110","MID","APXMIDP",20180107,40,50.26,782.85
"426","MID","APXMIDP",20180107,41,57.3,765.65
"436","MID","APXMIDP",20180107,42,54.19,827.5
"446","MID","APXMIDP",20180107,43,50.55,962.5
"456","MID","APXMIDP",20180107,44,47.84,1317.2
"466","MID","APXMIDP",20180107,45,47.02,1236.8
"476","MID","APXMIDP",20180107,46,45.58,1248.8
"486","MID","APXMIDP",20180107,47,44.53,744.2
"495","MID","APXMIDP",20180107,48,44.43,421.65
"227","MID","APXMIDP",20180108,1,44.12,482.6
"327","MID","APXMIDP",20180108,2,44.88,387.15
"427","MID","APXMIDP",20180108,3,47.13,563.25
"57","MID","APXMIDP",20180108,4,44.81,325.65
"67","MID","APXMIDP",20180108,5,43.42,340.3
"77","MID","APXMIDP",20180108,6,42.81,444.25
"87","MID","APXMIDP",20180108,7,41.37,284.15
"97","MID","APXMIDP",20180108,8,40.84,319.25
"107","MID","APXMIDP",20180108,9,40.01,426.75
"117","MID","APXMIDP",20180108,10,40.07,411.65
"127","MID","APXMIDP",20180108,11,38.03,266
"137","MID","APXMIDP",20180108,12,39.33,410.9
"147","MID","APXMIDP",20180108,13,44.18,462.5
"157","MID","APXMIDP",20180108,14,44.16,624.4
"167","MID","APXMIDP",20180108,15,49.06,1087.7
"177","MID","APXMIDP",20180108,16,55.14,1093.45
"187","MID","APXMIDP",20180108,17,52.3,840.05
"197","MID","APXMIDP",20180108,18,51.43,1013.55
"207","MID","APXMIDP",20180108,19,59.78,968.75
"2111","MID","APXMIDP",20180108,20,60.63,799.9
"228","MID","APXMIDP",20180108,21,62.02,813.95
"237","MID","APXMIDP",20180108,22,64.44,973.7
"247","MID","APXMIDP",20180108,23,57.45,1006.2
"257","MID","APXMIDP",20180108,24,54.87,949.8
"267","MID","APXMIDP",20180108,25,54.52,1042.65
"277","MID","APXMIDP",20180108,26,55.01,1137.6
"287","MID","APXMIDP",20180108,27,57.66,1179.55
"297","MID","APXMIDP",20180108,28,59.28,1236.2
"307","MID","APXMIDP",20180108,29,59.13,1186.8
"3111","MID","APXMIDP",20180108,30,62.63,1258.85
"328","MID","APXMIDP",20180108,31,67.49,1328.9
"337","MID","APXMIDP",20180108,32,66.52,1366.1
"347","MID","APXMIDP",20180108,33,71.73,1005.5
"357","MID","APXMIDP",20180108,34,82.27,1143.45
"367","MID","APXMIDP",20180108,35,74.88,1421.3
"377","MID","APXMIDP",20180108,36,67.24,1424.45
"387","MID","APXMIDP",20180108,37,65.97,1180.1
"397","MID","APXMIDP",20180108,38,63.27,1431.7
"407","MID","APXMIDP",20180108,39,56.22,1147.65
"4111","MID","APXMIDP",20180108,40,56.94,1115.25
"428","MID","APXMIDP",20180108,41,55.89,1246.2
"437","MID","APXMIDP",20180108,42,53.14,1373.2
"447","MID","APXMIDP",20180108,43,54.47,714.45
"457","MID","APXMIDP",20180108,44,51.11,721.95
"467","MID","APXMIDP",20180108,45,47.2,1072.45
"477","MID","APXMIDP",20180108,46,46.1,1614.65
"487","MID","APXMIDP",20180108,47,43.5,1000.05
"496","MID","APXMIDP",20180108,48,42.43,660.25
"229","MID","APXMIDP",20180109,1,42.6,535.7
"329","MID","APXMIDP",20180109,2,43.51,540.65
"429","MID","APXMIDP",20180109,3,44.42,758.2
"58","MID","APXMIDP",20180109,4,43.79,781.1
"68","MID","APXMIDP",20180109,5,43.2,684.2
"78","MID","APXMIDP",20180109,6,43.51,630.7
"88","MID","APXMIDP",20180109,7,43.94,354.45
"98","MID","APXMIDP",20180109,8,45.41,389.5
"108","MID","APXMIDP",20180109,9,43.96,315
"118","MID","APXMIDP",20180109,10,45.82,520.55
"128","MID","APXMIDP",20180109,11,47.14,480.45
"138","MID","APXMIDP",20180109,12,47.83,582.25
"148","MID","APXMIDP",20180109,13,50.7,517.6
"158","MID","APXMIDP",20180109,14,43.94,870
"168","MID","APXMIDP",20180109,15,48.63,1164.3
"178","MID","APXMIDP",20180109,16,49.49,763.65
"188","MID","APXMIDP",20180109,17,48.07,753.25
"198","MID","APXMIDP",20180109,18,48,799.7
"208","MID","APXMIDP",20180109,19,55.06,975.8
"2112","MID","APXMIDP",20180109,20,55.3,1027
"2210","MID","APXMIDP",20180109,21,55.89,1092.4
"238","MID","APXMIDP",20180109,22,55.28,1258.7
"248","MID","APXMIDP",20180109,23,56.08,1156.75
"258","MID","APXMIDP",20180109,24,55.74,1104.15
"268","MID","APXMIDP",20180109,25,56.37,1160.9
"278","MID","APXMIDP",20180109,26,56.91,1201.65
"288","MID","APXMIDP",20180109,27,57.37,1516.85
"298","MID","APXMIDP",20180109,28,58.72,1678.1
"308","MID","APXMIDP",20180109,29,59.78,1645.95
"3112","MID","APXMIDP",20180109,30,58.95,1738.35
"3210","MID","APXMIDP",20180109,31,61.23,1653.5
"338","MID","APXMIDP",20180109,32,65.47,1378
"348","MID","APXMIDP",20180109,33,66.59,1590.2
"358","MID","APXMIDP",20180109,34,69,1624.7
"368","MID","APXMIDP",20180109,35,63.67,1630.55
"378","MID","APXMIDP",20180109,36,61.93,1876
"388","MID","APXMIDP",20180109,37,62.85,1845.4
"398","MID","APXMIDP",20180109,38,62.59,1991.75
"408","MID","APXMIDP",20180109,39,57.07,859.5
"4112","MID","APXMIDP",20180109,40,55.5,985.9
"4210","MID","APXMIDP",20180109,41,53.55,1041.4
"438","MID","APXMIDP",20180109,42,51.47,1604.45
"448","MID","APXMIDP",20180109,43,53.11,723.8
"458","MID","APXMIDP",20180109,44,47.77,612.25
"468","MID","APXMIDP",20180109,45,45.19,1153.45
"478","MID","APXMIDP",20180109,46,44.74,1494.75
"488","MID","APXMIDP",20180109,47,43.96,902.3
"497","MID","APXMIDP",20180109,48,44.79,664.65
"230","MID","APXMIDP",20180110,1,44.61,576.5
"330","MID","APXMIDP",20180110,2,45.47,412.5
"430","MID","APXMIDP",20180110,3,45.04,502.65
"59","MID","APXMIDP",20180110,4,44.22,583
"69","MID","APXMIDP",20180110,5,44.53,516.65
"79","MID","APXMIDP",20180110,6,44.36,482.5
"89","MID","APXMIDP",20180110,7,43.06,377.7
"99","MID","APXMIDP",20180110,8,42.2,356.45
"109","MID","APXMIDP",20180110,9,42,403.5
"119","MID","APXMIDP",20180110,10,44.19,400
"129","MID","APXMIDP",20180110,11,43.97,252.6
"139","MID","APXMIDP",20180110,12,44.75,487.7
"149","MID","APXMIDP",20180110,13,49.13,712.6
"159","MID","APXMIDP",20180110,14,47.28,998
"169","MID","APXMIDP",20180110,15,51.35,1163.5
"179","MID","APXMIDP",20180110,16,57.02,804.3
"189","MID","APXMIDP",20180110,17,61.73,660.95
"199","MID","APXMIDP",20180110,18,55.47,965.4
"209","MID","APXMIDP",20180110,19,54.14,795.95
"2113","MID","APXMIDP",20180110,20,54.59,699.5
"2211","MID","APXMIDP",20180110,21,53.13,762.5
"239","MID","APXMIDP",20180110,22,52.54,832.35
"249","MID","APXMIDP",20180110,23,48.2,1204.95
"259","MID","APXMIDP",20180110,24,48.63,1075.95
"269","MID","APXMIDP",20180110,25,48.61,1168.45
"279","MID","APXMIDP",20180110,26,48.77,1162.5
"289","MID","APXMIDP",20180110,27,49.7,1285.85
"299","MID","APXMIDP",20180110,28,49.3,1286.65
"309","MID","APXMIDP",20180110,29,48.9,1287.05
"3113","MID","APXMIDP",20180110,30,48.77,1305.15
"3211","MID","APXMIDP",20180110,31,61.3,958.7
"339","MID","APXMIDP",20180110,32,63.69,909.75
"349","MID","APXMIDP",20180110,33,61.2,1002.3
"359","MID","APXMIDP",20180110,34,67.99,892.65
"369","MID","APXMIDP",20180110,35,71.25,1153.1
"379","MID","APXMIDP",20180110,36,69.99,1125.7
"389","MID","APXMIDP",20180110,37,68.28,1293.85
"399","MID","APXMIDP",20180110,38,68.74,1288.15
"409","MID","APXMIDP",20180110,39,55.7,1147.5
"4113","MID","APXMIDP",20180110,40,53.09,1221.05
"4211","MID","APXMIDP",20180110,41,54.27,1315.6
"439","MID","APXMIDP",20180110,42,53.56,1205.05
"449","MID","APXMIDP",20180110,43,49.25,1372.6
"459","MID","APXMIDP",20180110,44,48.77,1398.85
"469","MID","APXMIDP",20180110,45,46.8,1859.35
"479","MID","APXMIDP",20180110,46,45.47,1908.5
"489","MID","APXMIDP",20180110,47,39.22,201.7
"498","MID","APXMIDP",20180110,48,41.01,476.05
"240","MID","APXMIDP",20180111,1,41.3,526.6
"340","MID","APXMIDP",20180111,2,41.8,463
"440","MID","APXMIDP",20180111,3,43.8,264.9
"510","MID","APXMIDP",20180111,4,39.92,194.7
"610","MID","APXMIDP",20180111,5,39.63,160.2
"710","MID","APXMIDP",20180111,6,40.81,267.25
"810","MID","APXMIDP",20180111,7,40.68,250.75
"910","MID","APXMIDP",20180111,8,40.4,173.95
"1010","MID","APXMIDP",20180111,9,39.43,123
"1110","MID","APXMIDP",20180111,10,39.47,214.65
"1210","MID","APXMIDP",20180111,11,40.58,154.4
"1310","MID","APXMIDP",20180111,12,39.93,214.5
"1410","MID","APXMIDP",20180111,13,44.13,512.5
"1510","MID","APXMIDP",20180111,14,46.99,623.7
"1610","MID","APXMIDP",20180111,15,44.88,1008.1
"1710","MID","APXMIDP",20180111,16,47.98,595.05
"1810","MID","APXMIDP",20180111,17,45.27,84
"1910","MID","APXMIDP",20180111,18,42.54,197.4
"2010","MID","APXMIDP",20180111,19,48.4,501.95
"2114","MID","APXMIDP",20180111,20,50.27,540.3
"2212","MID","APXMIDP",20180111,21,53.58,580.95
"2310","MID","APXMIDP",20180111,22,54.58,632.45
"2410","MID","APXMIDP",20180111,23,55.87,853
"2510","MID","APXMIDP",20180111,24,56.23,885.35
"2610","MID","APXMIDP",20180111,25,56.57,956
"2710","MID","APXMIDP",20180111,26,57.8,1041.8
"2810","MID","APXMIDP",20180111,27,56.55,1056.95
"2910","MID","APXMIDP",20180111,28,56.15,1178.2
"3010","MID","APXMIDP",20180111,29,57.69,998.95
"3114","MID","APXMIDP",20180111,30,57.75,1107.9
"3212","MID","APXMIDP",20180111,31,72.74,2021.75
"3310","MID","APXMIDP",20180111,32,79.2,1699.1
"3410","MID","APXMIDP",20180111,33,82.98,1848
"3510","MID","APXMIDP",20180111,34,92.49,1740.6
"3610","MID","APXMIDP",20180111,35,93.05,1865.25
"3710","MID","APXMIDP",20180111,36,88.68,1883.45
"3810","MID","APXMIDP",20180111,37,86.52,2184.5
"3910","MID","APXMIDP",20180111,38,79.26,2331.7
"4010","MID","APXMIDP",20180111,39,71.16,1489.4
"4114","MID","APXMIDP",20180111,40,65.44,946.4
"4212","MID","APXMIDP",20180111,41,74.54,1078.15
"4310","MID","APXMIDP",20180111,42,61.73,1388.95
"4410","MID","APXMIDP",20180111,43,55.77,1595.35
"4510","MID","APXMIDP",20180111,44,54.85,1462.3
"4610","MID","APXMIDP",20180111,45,54.38,1623.35
"4710","MID","APXMIDP",20180111,46,52.64,1741.2
"4810","MID","APXMIDP",20180111,47,47.5,470.35
"499","MID","APXMIDP",20180111,48,42.19,160.4
"250","MID","APXMIDP",20180112,1,42.99,181.75
"350","MID","APXMIDP",20180112,2,45.96,165.3
"450","MID","APXMIDP",20180112,3,47,151.3
"511","MID","APXMIDP",20180112,4,44.05,284.8
"611","MID","APXMIDP",20180112,5,42.33,237.45
"711","MID","APXMIDP",20180112,6,42.38,178.75
"811","MID","APXMIDP",20180112,7,40.83,263.5
"911","MID","APXMIDP",20180112,8,39.84,426.15
"1011","MID","APXMIDP",20180112,9,39.85,271.5
"1111","MID","APXMIDP",20180112,10,39.59,247
"1211","MID","APXMIDP",20180112,11,39.65,144
"1311","MID","APXMIDP",20180112,12,41.54,294
"1411","MID","APXMIDP",20180112,13,43.88,435.5
"1511","MID","APXMIDP",20180112,14,43.96,441.35
"1611","MID","APXMIDP",20180112,15,51.3,791.15
"1711","MID","APXMIDP",20180112,16,56.82,845.55
"1811","MID","APXMIDP",20180112,17,57.5,716.1
"1911","MID","APXMIDP",20180112,18,59.14,1013.55
"2011","MID","APXMIDP",20180112,19,58.37,867.9
"2115","MID","APXMIDP",20180112,20,56.97,865.35
"2213","MID","APXMIDP",20180112,21,55.62,922.1
"2311","MID","APXMIDP",20180112,22,53.9,1003.1
"2411","MID","APXMIDP",20180112,23,49.06,797.95
"2511","MID","APXMIDP",20180112,24,48.8,922.45
"2611","MID","APXMIDP",20180112,25,48.86,867.45
"2711","MID","APXMIDP",20180112,26,48.58,909.1
"2811","MID","APXMIDP",20180112,27,46.77,967.95
"2911","MID","APXMIDP",20180112,28,46.16,1234.75
"3011","MID","APXMIDP",20180112,29,46.3,1408.75
"3115","MID","APXMIDP",20180112,30,45.67,1485.05
"3213","MID","APXMIDP",20180112,31,48.09,1021
"3311","MID","APXMIDP",20180112,32,48.15,930.85
"3411","MID","APXMIDP",20180112,33,48.53,1202
"3511","MID","APXMIDP",20180112,34,61.08,1074.2
"3611","MID","APXMIDP",20180112,35,63.54,1185.05
"3711","MID","APXMIDP",20180112,36,63.26,1294
"3811","MID","APXMIDP",20180112,37,59.21,1319.55
"3911","MID","APXMIDP",20180112,38,60.38,1659.15
"4011","MID","APXMIDP",20180112,39,55.87,1809.5
"4115","MID","APXMIDP",20180112,40,51.59,1690.95
"4213","MID","APXMIDP",20180112,41,50.09,1458.15
"4311","MID","APXMIDP",20180112,42,48.37,1438.25
"4411","MID","APXMIDP",20180112,43,47.29,1410.4
"4511","MID","APXMIDP",20180112,44,46.53,1480.5
"4611","MID","APXMIDP",20180112,45,45.77,1740.7
"4711","MID","APXMIDP",20180112,46,45.78,2336.2
"4811","MID","APXMIDP",20180112,47,46.12,718.2
"4910","MID","APXMIDP",20180112,48,44.98,561
"260","MID","APXMIDP",20180113,1,45.46,516.5
"360","MID","APXMIDP",20180113,2,46.12,580.4
"460","MID","APXMIDP",20180113,3,47.06,657.15
"512","MID","APXMIDP",20180113,4,44.89,608.35
"612","MID","APXMIDP",20180113,5,44.2,565.5
"712","MID","APXMIDP",20180113,6,44.3,609.5
"812","MID","APXMIDP",20180113,7,35.82,302.5
"912","MID","APXMIDP",20180113,8,35.57,370.65
"1012","MID","APXMIDP",20180113,9,35.74,429.05
"1112","MID","APXMIDP",20180113,10,35.4,449.6
"1212","MID","APXMIDP",20180113,11,35.75,453.45
"1312","MID","APXMIDP",20180113,12,36.89,623.25
"1412","MID","APXMIDP",20180113,13,38.88,606.65
"1512","MID","APXMIDP",20180113,14,38.78,694.3
"1612","MID","APXMIDP",20180113,15,42.15,960.4
"1712","MID","APXMIDP",20180113,16,43.39,716.9
"1812","MID","APXMIDP",20180113,17,45.65,486.6
"1912","MID","APXMIDP",20180113,18,46.72,602.5
"2012","MID","APXMIDP",20180113,19,47.49,795.35
"2116","MID","APXMIDP",20180113,20,47.07,726.95
"2214","MID","APXMIDP",20180113,21,47.28,874.1
"2312","MID","APXMIDP",20180113,22,48.34,937.3
"2412","MID","APXMIDP",20180113,23,49.77,1011.05
"2512","MID","APXMIDP",20180113,24,49.92,1081.35
"2612","MID","APXMIDP",20180113,25,50.98,984.4
"2712","MID","APXMIDP",20180113,26,51.03,962.5
"2812","MID","APXMIDP",20180113,27,54.1,1158.95
"2912","MID","APXMIDP",20180113,28,53.05,1140
"3012","MID","APXMIDP",20180113,29,52.37,1212.2
"3116","MID","APXMIDP",20180113,30,50.59,1277.4
"3214","MID","APXMIDP",20180113,31,53.1,1448.95
"3312","MID","APXMIDP",20180113,32,54.1,1262
"3412","MID","APXMIDP",20180113,33,51.16,1379.9
"3512","MID","APXMIDP",20180113,34,63,1795.85
"3612","MID","APXMIDP",20180113,35,74.03,1365.5
"3712","MID","APXMIDP",20180113,36,76.15,1410.15
"3812","MID","APXMIDP",20180113,37,73.06,1381
"3912","MID","APXMIDP",20180113,38,68.61,1706
"4012","MID","APXMIDP",20180113,39,56.2,1647.2
"4116","MID","APXMIDP",20180113,40,52.08,1558.6
"4214","MID","APXMIDP",20180113,41,51.39,1119.75
"4312","MID","APXMIDP",20180113,42,49.64,1274.55
"4412","MID","APXMIDP",20180113,43,47.43,1161.25
"4512","MID","APXMIDP",20180113,44,46.28,1156.65
"4612","MID","APXMIDP",20180113,45,46.23,855.45
"4712","MID","APXMIDP",20180113,46,44.69,907.75
"4812","MID","APXMIDP",20180113,47,42.05,346.85
"4911","MID","APXMIDP",20180113,48,40.63,357.3
"270","MID","APXMIDP",20180114,1,40.88,488.3
"370","MID","APXMIDP",20180114,2,41.74,434.05
"470","MID","APXMIDP",20180114,3,45.83,402.9
"513","MID","APXMIDP",20180114,4,45.78,301
"613","MID","APXMIDP",20180114,5,43.69,380.7
"713","MID","APXMIDP",20180114,6,42.44,322.1
"813","MID","APXMIDP",20180114,7,41.21,553
"913","MID","APXMIDP",20180114,8,40.67,501.2
"1013","MID","APXMIDP",20180114,9,40.49,503.95
"1113","MID","APXMIDP",20180114,10,39.56,592.55
"1213","MID","APXMIDP",20180114,11,40.4,562.8
"1313","MID","APXMIDP",20180114,12,38.89,660.95
"1413","MID","APXMIDP",20180114,13,40.63,620.95
"1513","MID","APXMIDP",20180114,14,39.79,740.95
"1613","MID","APXMIDP",20180114,15,29.19,563
"1713","MID","APXMIDP",20180114,16,28.87,634
"1813","MID","APXMIDP",20180114,17,29.65,990.3
"1913","MID","APXMIDP",20180114,18,33.22,1121.3
"2013","MID","APXMIDP",20180114,19,44.23,1069.55
"2117","MID","APXMIDP",20180114,20,44.28,900.1
"2215","MID","APXMIDP",20180114,21,45.1,910
"2313","MID","APXMIDP",20180114,22,44.28,860.9
"2413","MID","APXMIDP",20180114,23,47.28,752.95
"2513","MID","APXMIDP",20180114,24,47.77,765.4
"2613","MID","APXMIDP",20180114,25,47.72,646.15
"2713","MID","APXMIDP",20180114,26,47.95,602.4
"2813","MID","APXMIDP",20180114,27,45.58,816.3
"2913","MID","APXMIDP",20180114,28,43.11,590.15
"3013","MID","APXMIDP",20180114,29,42.72,794.7
"3117","MID","APXMIDP",20180114,30,42.15,782.55
"3215","MID","APXMIDP",20180114,31,52.64,1591.45
"3313","MID","APXMIDP",20180114,32,52.12,1660.9
"3413","MID","APXMIDP",20180114,33,52.35,1717.7
"3513","MID","APXMIDP",20180114,34,64.81,2043.95
"3613","MID","APXMIDP",20180114,35,68.24,1607.6
"3713","MID","APXMIDP",20180114,36,67.27,1648.7
"3813","MID","APXMIDP",20180114,37,58.44,1629.15
"3913","MID","APXMIDP",20180114,38,54.52,1861.45
"4013","MID","APXMIDP",20180114,39,49.57,1638.2
"4117","MID","APXMIDP",20180114,40,49.55,1566.85
"4215","MID","APXMIDP",20180114,41,49.26,1527.15
"4313","MID","APXMIDP",20180114,42,48.62,1328.9
"4413","MID","APXMIDP",20180114,43,50.23,1694.4
"4513","MID","APXMIDP",20180114,44,47.51,1563.1
"4613","MID","APXMIDP",20180114,45,44.51,1470
"4713","MID","APXMIDP",20180114,46,44.71,1719.6
"4813","MID","APXMIDP",20180114,47,41.45,745.5
"4912","MID","APXMIDP",20180114,48,31.31,535.35
"280","MID","APXMIDP",20180115,1,36.04,552.8
"380","MID","APXMIDP",20180115,2,41.41,783.15
"480","MID","APXMIDP",20180115,3,40.17,607.2
"514","MID","APXMIDP",20180115,4,38.18,683.2
"614","MID","APXMIDP",20180115,5,37.68,460
"714","MID","APXMIDP",20180115,6,37.54,428.55
"814","MID","APXMIDP",20180115,7,38.2,538
"914","MID","APXMIDP",20180115,8,38.03,444.75
"1014","MID","APXMIDP",20180115,9,38.05,522.1
"1114","MID","APXMIDP",20180115,10,38.68,497
"1214","MID","APXMIDP",20180115,11,43.33,369.5
"1314","MID","APXMIDP",20180115,12,43.46,574.5
"1414","MID","APXMIDP",20180115,13,55.82,551.95
"1514","MID","APXMIDP",20180115,14,53.23,1573.75
"1614","MID","APXMIDP",20180115,15,51.33,930
"1714","MID","APXMIDP",20180115,16,55.05,891.45
"1814","MID","APXMIDP",20180115,17,65.74,940.15
"1914","MID","APXMIDP",20180115,18,66.55,959.85
"2014","MID","APXMIDP",20180115,19,73,967.95
"2118","MID","APXMIDP",20180115,20,72.54,1069.35
"2216","MID","APXMIDP",20180115,21,68.21,1106.65
"2314","MID","APXMIDP",20180115,22,64.85,1461.5
"2414","MID","APXMIDP",20180115,23,55.33,1679
"2514","MID","APXMIDP",20180115,24,54.91,1624.45
"2614","MID","APXMIDP",20180115,25,55.01,1624.55
"2714","MID","APXMIDP",20180115,26,52.46,1540.5
"2814","MID","APXMIDP",20180115,27,49.37,1296.2
"2914","MID","APXMIDP",20180115,28,48.75,1256.75
"3014","MID","APXMIDP",20180115,29,47.7,1406.35
"3118","MID","APXMIDP",20180115,30,46.57,1685.25
"3216","MID","APXMIDP",20180115,31,47.57,1350
"3314","MID","APXMIDP",20180115,32,48.72,1261.4
"3414","MID","APXMIDP",20180115,33,48.42,1648.4
"3514","MID","APXMIDP",20180115,34,53.99,1636.15
"3614","MID","APXMIDP",20180115,35,57.18,1860
"3714","MID","APXMIDP",20180115,36,56.88,1833.8
"3814","MID","APXMIDP",20180115,37,56.91,1840.4
"3914","MID","APXMIDP",20180115,38,55.93,2095.45
"4014","MID","APXMIDP",20180115,39,53.95,1623.05
"4118","MID","APXMIDP",20180115,40,51.05,1427.5
"4216","MID","APXMIDP",20180115,41,50.53,1650.55
"4314","MID","APXMIDP",20180115,42,49.62,1195.15
"4414","MID","APXMIDP",20180115,43,49.15,1386.25
"4514","MID","APXMIDP",20180115,44,46.93,1196.95
"4614","MID","APXMIDP",20180115,45,46.79,1179.6
"4714","MID","APXMIDP",20180115,46,43.74,1198.75
"4814","MID","APXMIDP",20180115,47,42.05,645.85
"4913","MID","APXMIDP",20180115,48,44.46,612.2
"290","MID","APXMIDP",20180116,1,48.27,600
"390","MID","APXMIDP",20180116,2,50.67,699.1
"490","MID","APXMIDP",20180116,3,52.31,387.65
"515","MID","APXMIDP",20180116,4,50.79,371.5
"615","MID","APXMIDP",20180116,5,51.25,371.5
"715","MID","APXMIDP",20180116,6,49.75,302.1
"815","MID","APXMIDP",20180116,7,44.05,459.7
"915","MID","APXMIDP",20180116,8,43.36,436.85
"1015","MID","APXMIDP",20180116,9,42.47,432.55
"1115","MID","APXMIDP",20180116,10,42.37,441.55
"1215","MID","APXMIDP",20180116,11,44.22,765.45
"1315","MID","APXMIDP",20180116,12,43.98,978.05
"1415","MID","APXMIDP",20180116,13,47.17,1058.35
"1515","MID","APXMIDP",20180116,14,47.08,1372.45
"1615","MID","APXMIDP",20180116,15,53.24,1292.5
"1715","MID","APXMIDP",20180116,16,55.73,984.35
"1815","MID","APXMIDP",20180116,17,53.34,1080.7
"1915","MID","APXMIDP",20180116,18,51.33,1158.15
"2015","MID","APXMIDP",20180116,19,52.95,1165.6
"2119","MID","APXMIDP",20180116,20,50.94,1030.25
"2217","MID","APXMIDP",20180116,21,50.8,976.95
"2315","MID","APXMIDP",20180116,22,49.76,1102.65
"2415","MID","APXMIDP",20180116,23,42.64,1059.4
"2515","MID","APXMIDP",20180116,24,42.61,1008.8
"2615","MID","APXMIDP",20180116,25,42.51,1077.1
"2715","MID","APXMIDP",20180116,26,42.39,1129.1
"2815","MID","APXMIDP",20180116,27,42.63,1014.2
"2915","MID","APXMIDP",20180116,28,42.86,960.4
"3015","MID","APXMIDP",20180116,29,42.83,1081.15
"3119","MID","APXMIDP",20180116,30,43.85,1105.15
"3217","MID","APXMIDP",20180116,31,45.62,977.15
"3315","MID","APXMIDP",20180116,32,48.87,698.2
"3415","MID","APXMIDP",20180116,33,47.05,1287.45
"3515","MID","APXMIDP",20180116,34,69.42,828.3
"3615","MID","APXMIDP",20180116,35,74.51,1007.35
"3715","MID","APXMIDP",20180116,36,74.72,1163.95
"3815","MID","APXMIDP",20180116,37,72,1063.25
"3915","MID","APXMIDP",20180116,38,67.48,1069.05
"4015","MID","APXMIDP",20180116,41,55.13,1025.3
"4119","MID","APXMIDP",20180116,42,50.43,1027.45
"4217","MID","APXMIDP",20180116,43,47.83,1425.8
"4315","MID","APXMIDP",20180116,44,45.01,1425.8
"4415","MID","APXMIDP",20180116,45,46.11,1266.05
"4515","MID","APXMIDP",20180116,46,44.02,1610.4
"4615","MID","APXMIDP",20180116,47,49.22,294.35
"4715","MID","APXMIDP",20180116,48,48.42,245.9
"2100","MID","APXMIDP",20180117,1,46.99,368.45
"3100","MID","APXMIDP",20180117,2,52.16,226.05
"4100","MID","APXMIDP",20180117,3,52.68,323.65
"516","MID","APXMIDP",20180117,4,51.32,300.2
"616","MID","APXMIDP",20180117,5,50.89,296.3
"716","MID","APXMIDP",20180117,6,50.88,344.35
"816","MID","APXMIDP",20180117,7,42.12,418.7
"916","MID","APXMIDP",20180117,8,38.45,500.35
"1016","MID","APXMIDP",20180117,9,37.14,544.85
"1116","MID","APXMIDP",20180117,10,35.42,691.5
"1216","MID","APXMIDP",20180117,11,35.89,686.45
"1316","MID","APXMIDP",20180117,12,35.71,722.75
"1416","MID","APXMIDP",20180117,13,44.32,729.05
"1516","MID","APXMIDP",20180117,14,41.85,1054.2
"1616","MID","APXMIDP",20180117,15,42.4,684.95
"1716","MID","APXMIDP",20180117,16,51.6,623.25
"1816","MID","APXMIDP",20180117,17,46.91,539.75
"1916","MID","APXMIDP",20180117,18,47.54,611.25
"2016","MID","APXMIDP",20180117,19,52.57,703.85
"2120","MID","APXMIDP",20180117,20,53.12,880.25
"2218","MID","APXMIDP",20180117,21,50.95,803.7
"2316","MID","APXMIDP",20180117,22,48.93,723.4
"2416","MID","APXMIDP",20180117,23,44.13,847.3
"2516","MID","APXMIDP",20180117,24,43.58,812.7
"2616","MID","APXMIDP",20180117,25,42.95,859.65
"2716","MID","APXMIDP",20180117,26,43.1,811.9
"2816","MID","APXMIDP",20180117,27,43,863.5
"2916","MID","APXMIDP",20180117,28,44.95,696.65
"3016","MID","APXMIDP",20180117,29,46.72,652.55
"3120","MID","APXMIDP",20180117,30,47.65,726.9
"3218","MID","APXMIDP",20180117,31,52.82,1027.85
"3316","MID","APXMIDP",20180117,32,53.23,1063.5
"3416","MID","APXMIDP",20180117,33,48.85,1517.3
"3516","MID","APXMIDP",20180117,34,56.21,1033.95
"3616","MID","APXMIDP",20180117,35,64.77,1294.5
"3716","MID","APXMIDP",20180117,36,65.51,1423.5
"3816","MID","APXMIDP",20180117,37,66.28,1451.4
"3916","MID","APXMIDP",20180117,38,65.18,1461
"4016","MID","APXMIDP",20180117,39,64.52,1427.5
"4120","MID","APXMIDP",20180117,40,58.46,1125.15
"4218","MID","APXMIDP",20180117,41,53.89,874.45
"4316","MID","APXMIDP",20180117,42,57.1,1027.75
"4416","MID","APXMIDP",20180117,43,54.98,1102.85
"4516","MID","APXMIDP",20180117,44,51.8,1075.85
"4616","MID","APXMIDP",20180117,45,49.7,1132.05
"4716","MID","APXMIDP",20180117,46,45.65,1654.9
"4815","MID","APXMIDP",20180117,47,40.44,434.7
"4914","MID","APXMIDP",20180117,48,40.53,524.4
"2101","MID","APXMIDP",20180118,1,40.72,701.75
"3101","MID","APXMIDP",20180118,2,44.83,456.1
"4101","MID","APXMIDP",20180118,3,43.68,560.35
"517","MID","APXMIDP",20180118,4,41,423.3
"617","MID","APXMIDP",20180118,5,40.86,359.3
"717","MID","APXMIDP",20180118,6,40.78,436.7
"817","MID","APXMIDP",20180118,7,37.32,640.8
"917","MID","APXMIDP",20180118,8,37.25,657.5
"1017","MID","APXMIDP",20180118,9,36.9,682.85
"1117","MID","APXMIDP",20180118,10,36.54,726.25
"1217","MID","APXMIDP",20180118,11,37.27,469.9
"1317","MID","APXMIDP",20180118,12,40.51,524.95
"1417","MID","APXMIDP",20180118,13,49.13,798.65
"1517","MID","APXMIDP",20180118,14,46.22,929.15
"1617","MID","APXMIDP",20180118,15,56.46,788.3
"1717","MID","APXMIDP",20180118,16,61.95,705.45
"1817","MID","APXMIDP",20180118,17,65.42,546.35
"1917","MID","APXMIDP",20180118,18,61.23,678.8
"2017","MID","APXMIDP",20180118,19,49.98,615.4
"2121","MID","APXMIDP",20180118,20,49.28,613.25
"2219","MID","APXMIDP",20180118,21,47.55,759.4
"2317","MID","APXMIDP",20180118,22,46.83,934.9
"2417","MID","APXMIDP",20180118,23,43.61,1024.4
"2517","MID","APXMIDP",20180118,24,43.84,879.5
"2617","MID","APXMIDP",20180118,25,44.07,871.7
"2717","MID","APXMIDP",20180118,26,45.23,1114.5
"2817","MID","APXMIDP",20180118,27,49.08,1133.75
"2917","MID","APXMIDP",20180118,28,49.28,1131.35
"3017","MID","APXMIDP",20180118,29,51.72,1133.1
"3121","MID","APXMIDP",20180118,30,50.76,1192.6
"3219","MID","APXMIDP",20180118,31,54.82,1071.9
"3317","MID","APXMIDP",20180118,32,56.66,1029
"3417","MID","APXMIDP",20180118,33,54.2,1278.4
"3517","MID","APXMIDP",20180118,34,68.19,839.15
"3617","MID","APXMIDP",20180118,35,76.33,842.75
"3717","MID","APXMIDP",20180118,36,79.6,1021.45
"3817","MID","APXMIDP",20180118,37,74.97,1088.1
"3917","MID","APXMIDP",20180118,38,65.65,1356.2
"4017","MID","APXMIDP",20180118,39,63.74,1078.75
"4121","MID","APXMIDP",20180118,40,58.99,1077
"4219","MID","APXMIDP",20180118,41,58.34,928.6
"4317","MID","APXMIDP",20180118,42,55.36,913.9
"4417","MID","APXMIDP",20180118,43,53.35,1069.55
"4517","MID","APXMIDP",20180118,44,47.15,1231.75
"4617","MID","APXMIDP",20180118,45,45.66,1651.35
"4717","MID","APXMIDP",20180118,46,45.24,1960.3
"4816","MID","APXMIDP",20180118,47,46.36,362.1
"4915","MID","APXMIDP",20180118,48,44.96,380.6
"2102","MID","APXMIDP",20180119,1,42.81,175.05
"3102","MID","APXMIDP",20180119,2,42.54,264.75
"4102","MID","APXMIDP",20180119,3,40.89,433
"518","MID","APXMIDP",20180119,4,40.92,405.95
"618","MID","APXMIDP",20180119,5,43.34,513.65
"718","MID","APXMIDP",20180119,6,42.13,391.75
"818","MID","APXMIDP",20180119,7,41.02,521
"918","MID","APXMIDP",20180119,8,38.72,556
"1018","MID","APXMIDP",20180119,9,35.47,514.55
"1118","MID","APXMIDP",20180119,10,33.92,495.65
"1218","MID","APXMIDP",20180119,11,32.2,505.5
"1318","MID","APXMIDP",20180119,12,35.18,426.05
"1418","MID","APXMIDP",20180119,13,44.22,750.9
"1518","MID","APXMIDP",20180119,14,41.88,1098.5
"1618","MID","APXMIDP",20180119,15,49.88,1127
"1718","MID","APXMIDP",20180119,16,54.16,803.3
"1818","MID","APXMIDP",20180119,17,59.71,633.95
"1918","MID","APXMIDP",20180119,18,55.85,781.3
"2018","MID","APXMIDP",20180119,19,57.26,592.5
"2122","MID","APXMIDP",20180119,20,56.4,610.55
"2220","MID","APXMIDP",20180119,21,54.99,796.95
"2318","MID","APXMIDP",20180119,22,50.77,780.75
"2418","MID","APXMIDP",20180119,23,43.13,1318.3
"2518","MID","APXMIDP",20180119,24,42.84,1472.3
"2618","MID","APXMIDP",20180119,25,43.09,1559.8
"2718","MID","APXMIDP",20180119,26,42.94,1612.05
"2818","MID","APXMIDP",20180119,27,42.76,1837.5
"2918","MID","APXMIDP",20180119,28,42.64,1939.5
"3018","MID","APXMIDP",20180119,29,43.14,1959.5
"3122","MID","APXMIDP",20180119,30,43.29,1959.35
"3220","MID","APXMIDP",20180119,31,50.01,1313.05
"3318","MID","APXMIDP",20180119,32,54.13,830.45
"3418","MID","APXMIDP",20180119,33,49.36,1220.8
"3518","MID","APXMIDP",20180119,34,60.27,1021.65
"3618","MID","APXMIDP",20180119,35,68.9,1263.2
"3718","MID","APXMIDP",20180119,36,71.15,1353.95
"3818","MID","APXMIDP",20180119,37,68.75,1374.2
"3918","MID","APXMIDP",20180119,38,64.67,1464.05
"4018","MID","APXMIDP",20180119,39,50.26,1476.35
"4122","MID","APXMIDP",20180119,40,47.78,1405.85
"4220","MID","APXMIDP",20180119,41,48.83,1337.3
"4318","MID","APXMIDP",20180119,42,45.81,1479.65
"4418","MID","APXMIDP",20180119,43,45.7,2038.45
"4518","MID","APXMIDP",20180119,44,45.14,1881
"4618","MID","APXMIDP",20180119,45,44.54,2144.25
"4718","MID","APXMIDP",20180119,46,43.74,2298.8
"4817","MID","APXMIDP",20180119,47,43.68,744.65
"4916","MID","APXMIDP",20180119,48,42.19,662.1
"2103","MID","APXMIDP",20180120,1,39.89,476.35
"3103","MID","APXMIDP",20180120,2,41.64,587.8
"4103","MID","APXMIDP",20180120,3,43.72,528.65
"519","MID","APXMIDP",20180120,4,40.55,511.65
"619","MID","APXMIDP",20180120,5,41.11,513.65
"719","MID","APXMIDP",20180120,6,43.03,521.1
"819","MID","APXMIDP",20180120,7,44.83,312.65
"919","MID","APXMIDP",20180120,8,44.85,349.25
"1019","MID","APXMIDP",20180120,9,45.43,469.15
"1119","MID","APXMIDP",20180120,10,42.42,501.5
"1219","MID","APXMIDP",20180120,11,43.12,408.3
"1319","MID","APXMIDP",20180120,12,45.36,354.25
"1419","MID","APXMIDP",20180120,13,46.46,509.8
"1519","MID","APXMIDP",20180120,14,45.78,381.5
"1619","MID","APXMIDP",20180120,15,43.84,973.4
"1719","MID","APXMIDP",20180120,16,43.16,1208.8
"1819","MID","APXMIDP",20180120,17,43.36,1034.5
"1919","MID","APXMIDP",20180120,18,44.98,1064.4
"2019","MID","APXMIDP",20180120,19,59.48,627
"2123","MID","APXMIDP",20180120,20,64.37,580.65
"2221","MID","APXMIDP",20180120,21,72.28,653.15
"2319","MID","APXMIDP",20180120,22,73.11,691
"2419","MID","APXMIDP",20180120,23,74.9,638.85
"2519","MID","APXMIDP",20180120,24,75.5,769.3
"2619","MID","APXMIDP",20180120,25,74.95,771.25
"2719","MID","APXMIDP",20180120,26,77.88,831.45
"2819","MID","APXMIDP",20180120,27,74.12,822.15
"2919","MID","APXMIDP",20180120,28,71.41,872.75
"3019","MID","APXMIDP",20180120,29,70.45,1085.35
"3123","MID","APXMIDP",20180120,30,65.27,1057
"3221","MID","APXMIDP",20180120,31,75.68,954.7
"3319","MID","APXMIDP",20180120,32,75.45,891
"3419","MID","APXMIDP",20180120,33,80.55,821.3
"3519","MID","APXMIDP",20180120,34,99.97,1047.75
"3619","MID","APXMIDP",20180120,35,116.38,1250.05
"3719","MID","APXMIDP",20180120,36,112.16,1304.75
"3819","MID","APXMIDP",20180120,37,102.75,1236.95
"3919","MID","APXMIDP",20180120,38,95.92,1162.75
"4019","MID","APXMIDP",20180120,39,52.68,717.35
"4123","MID","APXMIDP",20180120,40,50.54,620.9
"4221","MID","APXMIDP",20180120,41,49.85,788.05
"4319","MID","APXMIDP",20180120,42,49.26,863.95
"4419","MID","APXMIDP",20180120,43,44.42,933.65
"4519","MID","APXMIDP",20180120,44,45.31,882.7
"4619","MID","APXMIDP",20180120,45,49.79,824.75
"4719","MID","APXMIDP",20180120,46,45.98,1137.8
"4818","MID","APXMIDP",20180120,47,45.32,655.5
"4917","MID","APXMIDP",20180120,48,43.63,609.65
"2104","MID","APXMIDP",20180121,1,44.35,708.6
"3104","MID","APXMIDP",20180121,2,46.13,757.95
"4104","MID","APXMIDP",20180121,3,47.93,426.95
"520","MID","APXMIDP",20180121,4,45.04,415.1
"620","MID","APXMIDP",20180121,8,42.72,215.5
"720","MID","APXMIDP",20180121,9,43.05,301.45
"820","MID","APXMIDP",20180121,10,43.22,411
"920","MID","APXMIDP",20180121,11,44.16,364.95
"1020","MID","APXMIDP",20180121,12,45.54,438.6
"1120","MID","APXMIDP",20180121,13,45.35,404.9
"1220","MID","APXMIDP",20180121,14,45.48,431.9
"1320","MID","APXMIDP",20180121,15,44.2,1560.1
"1420","MID","APXMIDP",20180121,16,42.99,1253.4
"1520","MID","APXMIDP",20180121,17,44.02,1010.25
"1620","MID","APXMIDP",20180121,18,44.5,1065
"1720","MID","APXMIDP",20180121,19,45.15,744.95
"1820","MID","APXMIDP",20180121,20,54.87,631.1
"1920","MID","APXMIDP",20180121,21,57.09,426.2
"2020","MID","APXMIDP",20180121,22,59.19,530.05
"2124","MID","APXMIDP",20180121,23,61.05,481.35
"2222","MID","APXMIDP",20180121,24,60.83,524.75
"2320","MID","APXMIDP",20180121,25,58.9,412.5
"2420","MID","APXMIDP",20180121,26,53.59,602.55
"2520","MID","APXMIDP",20180121,27,51.6,709.6
"2620","MID","APXMIDP",20180121,28,49.19,831.45
"2720","MID","APXMIDP",20180121,29,48.94,902.1
"2820","MID","APXMIDP",20180121,30,46.83,1117.6
"2920","MID","APXMIDP",20180121,31,47.08,858.3
"3020","MID","APXMIDP",20180121,32,45.24,990.5
"3124","MID","APXMIDP",20180121,33,45.55,1412.65
"3222","MID","APXMIDP",20180121,34,58.82,967.5
"3320","MID","APXMIDP",20180121,35,65.44,982.25
"3420","MID","APXMIDP",20180121,36,68.86,975.35
"3520","MID","APXMIDP",20180121,37,62,1263.7
"3620","MID","APXMIDP",20180121,38,58.32,1148.25
"3720","MID","APXMIDP",20180121,39,47.12,1853.1
"3820","MID","APXMIDP",20180121,40,46.39,1564.2
"3920","MID","APXMIDP",20180121,41,46.77,1447.6
"4020","MID","APXMIDP",20180121,42,44.42,1543.3
"4124","MID","APXMIDP",20180121,43,43.49,1285.9
"4222","MID","APXMIDP",20180121,44,43.01,1145.55
"4320","MID","APXMIDP",20180121,45,42.54,1234.1
"2105","MID","APXMIDP",20180122,1,43.6,249.85
"3105","MID","APXMIDP",20180122,2,38.8,172.35
"4105","MID","APXMIDP",20180122,3,38.09,383.65
"521","MID","APXMIDP",20180122,4,35.26,300
"621","MID","APXMIDP",20180122,5,39.11,334.3
"721","MID","APXMIDP",20180122,6,41.88,282.65
"821","MID","APXMIDP",20180122,7,40.22,295.15
"921","MID","APXMIDP",20180122,8,40.78,273.65
"1021","MID","APXMIDP",20180122,9,40.53,327.4
"1121","MID","APXMIDP",20180122,10,40.85,409.65
"1221","MID","APXMIDP",20180122,11,42.24,315.25
"1321","MID","APXMIDP",20180122,12,40.43,548.2
"1421","MID","APXMIDP",20180122,13,47.05,587.5
"1521","MID","APXMIDP",20180122,14,41.27,941.85
"1621","MID","APXMIDP",20180122,15,52.7,716
"1721","MID","APXMIDP",20180122,16,46.75,611
"1821","MID","APXMIDP",20180122,17,44.81,472.65
"1921","MID","APXMIDP",20180122,18,43.57,462.05
"2021","MID","APXMIDP",20180122,19,46.22,950.25
"2125","MID","APXMIDP",20180122,20,45.42,1124.55
"2223","MID","APXMIDP",20180122,21,45.51,1115.25
"2321","MID","APXMIDP",20180122,22,45.47,1069.4
"2421","MID","APXMIDP",20180122,23,41.47,1432.2
"2521","MID","APXMIDP",20180122,24,41.26,1431.7
"2621","MID","APXMIDP",20180122,25,41.17,1423.3
"2721","MID","APXMIDP",20180122,26,41.07,1457.7
"2821","MID","APXMIDP",20180122,27,40.32,1533
"2921","MID","APXMIDP",20180122,28,40.32,1542.7
"3021","MID","APXMIDP",20180122,29,40.39,1508.35
"3125","MID","APXMIDP",20180122,30,40.26,1521.2
"3223","MID","APXMIDP",20180122,31,45.83,1256.5
"3321","MID","APXMIDP",20180122,32,46.07,1366.4
"3421","MID","APXMIDP",20180122,33,44.93,1415.5
"3521","MID","APXMIDP",20180122,34,50.43,1419
"3621","MID","APXMIDP",20180122,35,54.21,1295.45
"3721","MID","APXMIDP",20180122,36,54.05,1308.3
"3821","MID","APXMIDP",20180122,37,53.05,1357
"3921","MID","APXMIDP",20180122,38,52.26,1588.4
"4021","MID","APXMIDP",20180122,39,53.33,1430.8
"4125","MID","APXMIDP",20180122,40,53.78,1356
"4223","MID","APXMIDP",20180122,41,52.01,1134
"4321","MID","APXMIDP",20180122,42,50.35,1325.45
"4420","MID","APXMIDP",20180122,43,46.12,1318.75
"4520","MID","APXMIDP",20180122,44,45.35,1154.7
"4620","MID","APXMIDP",20180122,45,45.01,1265.4
"4720","MID","APXMIDP",20180122,46,44.51,1245.95
"4819","MID","APXMIDP",20180122,47,47.23,226.45
"4918","MID","APXMIDP",20180122,48,40.73,351.1
"2106","MID","APXMIDP",20180123,1,41.45,161.9
"3106","MID","APXMIDP",20180123,2,45.66,418.75
"4106","MID","APXMIDP",20180123,3,42.39,583.9
"522","MID","APXMIDP",20180123,4,40.62,463.45
"622","MID","APXMIDP",20180123,5,40.19,432.5
"722","MID","APXMIDP",20180123,6,40.11,582.3
"822","MID","APXMIDP",20180123,7,35.13,931.25
"922","MID","APXMIDP",20180123,8,33.04,865.3
"1022","MID","APXMIDP",20180123,9,31.88,741.65
"1122","MID","APXMIDP",20180123,10,30.72,801.45
"1222","MID","APXMIDP",20180123,11,31.7,656.1
"1322","MID","APXMIDP",20180123,12,31.49,904.05
"1422","MID","APXMIDP",20180123,13,39.68,1017.65
"1522","MID","APXMIDP",20180123,14,39.98,1208.15
"1622","MID","APXMIDP",20180123,15,47.1,863.4
"1722","MID","APXMIDP",20180123,16,52.85,677.65
"1822","MID","APXMIDP",20180123,17,46.99,507.6
"1922","MID","APXMIDP",20180123,18,42.61,500.8
"2022","MID","APXMIDP",20180123,19,45.06,724.55
"2126","MID","APXMIDP",20180123,20,43.79,679.05
"2224","MID","APXMIDP",20180123,21,43.56,812.15
"2322","MID","APXMIDP",20180123,22,43.59,690.95
"2422","MID","APXMIDP",20180123,23,41.08,820.5
"2522","MID","APXMIDP",20180123,24,40.58,845.45
"2622","MID","APXMIDP",20180123,25,40.43,897.9
"2722","MID","APXMIDP",20180123,26,40.36,821.75
"2822","MID","APXMIDP",20180123,27,39.84,819.1
"2922","MID","APXMIDP",20180123,28,39.48,879.4
"3022","MID","APXMIDP",20180123,29,39.27,867.25
"3126","MID","APXMIDP",20180123,30,39.68,955.9
"3224","MID","APXMIDP",20180123,31,45.43,1141.55
"3322","MID","APXMIDP",20180123,32,45.1,1493.75
"3422","MID","APXMIDP",20180123,33,45.03,1397.9
"3522","MID","APXMIDP",20180123,34,52.62,1382.8
"3622","MID","APXMIDP",20180123,35,58.91,1400.15
"3722","MID","APXMIDP",20180123,36,58.09,1529.55
"3822","MID","APXMIDP",20180123,37,60.59,1565.2
"3922","MID","APXMIDP",20180123,38,54.75,1572.2
"4022","MID","APXMIDP",20180123,39,50.52,954.8
"4126","MID","APXMIDP",20180123,40,47.83,715.85
"4224","MID","APXMIDP",20180123,41,45.9,791.95
"4322","MID","APXMIDP",20180123,42,45.93,977.85
"4421","MID","APXMIDP",20180123,43,46.48,1357.85
"4521","MID","APXMIDP",20180123,44,45.63,1254.25
"4621","MID","APXMIDP",20180123,45,44.16,1470.3
"4721","MID","APXMIDP",20180123,46,43.79,1928.5
"4820","MID","APXMIDP",20180123,47,54.35,525.7
"4919","MID","APXMIDP",20180123,48,54.52,319.5
"2107","MID","APXMIDP",20180124,1,51.07,243.5
"3107","MID","APXMIDP",20180124,2,50.57,341
"4107","MID","APXMIDP",20180124,3,47.78,691
"523","MID","APXMIDP",20180124,4,49.03,563
"623","MID","APXMIDP",20180124,5,47.74,599.05
"723","MID","APXMIDP",20180124,6,45.22,625
"823","MID","APXMIDP",20180124,7,34.71,633.3
"923","MID","APXMIDP",20180124,8,31.55,708.5
"1023","MID","APXMIDP",20180124,9,30.74,644.5
"1123","MID","APXMIDP",20180124,10,30.91,749.25
"1223","MID","APXMIDP",20180124,11,36.46,393.3
"1323","MID","APXMIDP",20180124,12,40.07,562.6
"1423","MID","APXMIDP",20180124,13,40.81,686.55
"1523","MID","APXMIDP",20180124,14,43.5,1333.55
"1623","MID","APXMIDP",20180124,15,48.45,1050.85
"1723","MID","APXMIDP",20180124,16,51.07,901.05
"1823","MID","APXMIDP",20180124,17,47.28,882.9
"1923","MID","APXMIDP",20180124,18,48.64,755.95
"2023","MID","APXMIDP",20180124,19,51.1,993.25
"2127","MID","APXMIDP",20180124,20,48.79,1007.25
"2225","MID","APXMIDP",20180124,21,47.17,844.55
"2323","MID","APXMIDP",20180124,22,47.99,1209.1
"2423","MID","APXMIDP",20180124,23,46.74,982.85
"2523","MID","APXMIDP",20180124,24,51.16,1099.95
"2623","MID","APXMIDP",20180124,25,51.33,1084.5
"2723","MID","APXMIDP",20180124,26,48.89,973
"2823","MID","APXMIDP",20180124,27,50.89,1145.65
"2923","MID","APXMIDP",20180124,28,49.83,1106.5
"3023","MID","APXMIDP",20180124,29,49.58,1124.3
"3127","MID","APXMIDP",20180124,30,48.76,1116.55
"3225","MID","APXMIDP",20180124,31,49.78,1077.8
"3323","MID","APXMIDP",20180124,32,51.98,940.75
"3423","MID","APXMIDP",20180124,33,48.81,1086.5
"3523","MID","APXMIDP",20180124,34,62.56,1214.25
"3623","MID","APXMIDP",20180124,35,70.23,1011.4
"3723","MID","APXMIDP",20180124,36,70.46,885
"3823","MID","APXMIDP",20180124,37,71.3,1046.25
"3923","MID","APXMIDP",20180124,38,66.96,1016.5
"4023","MID","APXMIDP",20180124,39,64.36,989.05
"4127","MID","APXMIDP",20180124,40,54.9,781.8
"4225","MID","APXMIDP",20180124,41,48.77,967.3
"4323","MID","APXMIDP",20180124,42,47.73,947.2
"4422","MID","APXMIDP",20180124,43,44.41,2025
"4522","MID","APXMIDP",20180124,44,44.26,1833.4
"4622","MID","APXMIDP",20180124,45,43.74,1873.3
"4722","MID","APXMIDP",20180124,46,42.8,2089.6
"4821","MID","APXMIDP",20180124,47,48.12,404.95
"4920","MID","APXMIDP",20180124,48,44.51,245
"2108","MID","APXMIDP",20180125,1,48.55,176.6
"3108","MID","APXMIDP",20180125,2,49.88,145.45
"4108","MID","APXMIDP",20180125,3,50.49,291
"524","MID","APXMIDP",20180125,4,47.51,203.9
"624","MID","APXMIDP",20180125,5,48.33,184.4
"724","MID","APXMIDP",20180125,6,48.03,170.5
"824","MID","APXMIDP",20180125,7,43.61,229
"924","MID","APXMIDP",20180125,8,42.06,355.85
"1024","MID","APXMIDP",20180125,9,44.56,325.5
"1124","MID","APXMIDP",20180125,10,44.06,256.5
"1224","MID","APXMIDP",20180125,11,49.47,163.5
"1324","MID","APXMIDP",20180125,12,51.79,323.5
"1424","MID","APXMIDP",20180125,13,52.03,206
"1524","MID","APXMIDP",20180125,14,48.8,805
"1624","MID","APXMIDP",20180125,15,57.91,728.6
"1724","MID","APXMIDP",20180125,16,62.18,547.45
"1824","MID","APXMIDP",20180125,17,60.11,589.3
"1924","MID","APXMIDP",20180125,18,56.01,719.3
"2024","MID","APXMIDP",20180125,19,60.23,1190.2
"2128","MID","APXMIDP",20180125,20,59.62,1396.3
"2226","MID","APXMIDP",20180125,21,57.54,1297.35
"2324","MID","APXMIDP",20180125,22,56.7,1135.75
"2424","MID","APXMIDP",20180125,23,41.89,912.1
"2524","MID","APXMIDP",20180125,24,42.24,914.9
"2624","MID","APXMIDP",20180125,25,42.4,967.65
"2724","MID","APXMIDP",20180125,26,42.13,891
"2824","MID","APXMIDP",20180125,27,42.3,1156.5
"2924","MID","APXMIDP",20180125,28,42.76,1144.95
"3024","MID","APXMIDP",20180125,29,43.25,1200.4
"3128","MID","APXMIDP",20180125,30,45.87,1217.65
"3226","MID","APXMIDP",20180125,31,61.71,1210.7
"3324","MID","APXMIDP",20180125,32,63.69,1320.4
"3424","MID","APXMIDP",20180125,33,61.7,1555.3
"3524","MID","APXMIDP",20180125,34,70.54,1520.85
"3624","MID","APXMIDP",20180125,35,86.55,1020.85
"3724","MID","APXMIDP",20180125,36,80.22,874
"3824","MID","APXMIDP",20180125,37,79.41,1003.8
"3924","MID","APXMIDP",20180125,38,69.85,1152.55
"4024","MID","APXMIDP",20180125,39,61.45,911.5
"4128","MID","APXMIDP",20180125,40,50.13,721
"4226","MID","APXMIDP",20180125,41,50.22,708.2
"4324","MID","APXMIDP",20180125,42,47.2,670.15
"4423","MID","APXMIDP",20180125,43,47.25,967.55
"4523","MID","APXMIDP",20180125,44,47.39,777.65
"4623","MID","APXMIDP",20180125,45,47.38,779.25
"4723","MID","APXMIDP",20180125,46,46.3,1036.3
"4822","MID","APXMIDP",20180125,47,48.75,363.75
"4921","MID","APXMIDP",20180125,48,43.48,296.35
"2109","MID","APXMIDP",20180126,1,44.71,280
"3109","MID","APXMIDP",20180126,2,45.34,267
"4109","MID","APXMIDP",20180126,3,44.13,202.75
"525","MID","APXMIDP",20180126,4,44.43,243.55
"625","MID","APXMIDP",20180126,5,42.19,335.35
"725","MID","APXMIDP",20180126,6,43.11,384.6
"825","MID","APXMIDP",20180126,7,40.89,427.1
"925","MID","APXMIDP",20180126,8,41.26,500.5
"1025","MID","APXMIDP",20180126,9,40.43,409.5
"1125","MID","APXMIDP",20180126,10,40.33,506.35
"1225","MID","APXMIDP",20180126,11,39.03,481.5
"1325","MID","APXMIDP",20180126,12,39.15,491.2
"1425","MID","APXMIDP",20180126,13,43.76,459.05
"1525","MID","APXMIDP",20180126,14,45.25,564.3
"1625","MID","APXMIDP",20180126,15,46.05,857.3
"1725","MID","APXMIDP",20180126,16,49.55,766.5
"1825","MID","APXMIDP",20180126,17,55.89,577.9
"1925","MID","APXMIDP",20180126,18,58.11,618.85
"2025","MID","APXMIDP",20180126,19,64.17,809.45
"2129","MID","APXMIDP",20180126,20,58.66,1021.2
"2227","MID","APXMIDP",20180126,21,55.54,788.1
"2325","MID","APXMIDP",20180126,22,55.02,782.75
"2425","MID","APXMIDP",20180126,23,43.31,718.7
"2525","MID","APXMIDP",20180126,24,43.26,600.45
"2625","MID","APXMIDP",20180126,25,42.28,789
"2725","MID","APXMIDP",20180126,26,41.91,913.6
"2825","MID","APXMIDP",20180126,27,42.07,951.35
"2925","MID","APXMIDP",20180126,28,41.82,958
"3025","MID","APXMIDP",20180126,29,41.52,1266.6
"3129","MID","APXMIDP",20180126,30,41.6,1133.75
"3227","MID","APXMIDP",20180126,31,50.31,1510.2
"3325","MID","APXMIDP",20180126,32,52.15,1506.25
"3425","MID","APXMIDP",20180126,33,50.67,1545.7
"3525","MID","APXMIDP",20180126,34,59.93,1459.75
"3625","MID","APXMIDP",20180126,35,64.07,1642.05
"3725","MID","APXMIDP",20180126,36,62.9,1888.95
"3825","MID","APXMIDP",20180126,37,61.94,1920.5
"3925","MID","APXMIDP",20180126,38,59.64,1967.4
"4025","MID","APXMIDP",20180126,39,54.84,1183.55
"4129","MID","APXMIDP",20180126,40,52.9,675.5
"4227","MID","APXMIDP",20180126,41,52.25,692
"4325","MID","APXMIDP",20180126,42,50.06,705.75
"4424","MID","APXMIDP",20180126,43,48.77,910.3
"4524","MID","APXMIDP",20180126,44,47.02,571.45
"4624","MID","APXMIDP",20180126,45,44.74,928.8
"4724","MID","APXMIDP",20180126,46,43.98,1228.4
"4823","MID","APXMIDP",20180126,47,42.9,451.85
"4922","MID","APXMIDP",20180126,48,42.56,594.4
"2130","MID","APXMIDP",20180127,1,42.99,506.55
"3130","MID","APXMIDP",20180127,2,43.12,507.5
"4130","MID","APXMIDP",20180127,3,41.79,454.55
"526","MID","APXMIDP",20180127,4,41.59,530
"626","MID","APXMIDP",20180127,5,41.24,374.8
"726","MID","APXMIDP",20180127,6,40.41,440
"826","MID","APXMIDP",20180127,7,38.49,729.6
"926","MID","APXMIDP",20180127,8,38.13,673.25
"1026","MID","APXMIDP",20180127,9,35.8,493.2
"1126","MID","APXMIDP",20180127,10,35.28,550.7
"1226","MID","APXMIDP",20180127,11,35.23,647.35
"1326","MID","APXMIDP",20180127,12,34.24,716.3
"1426","MID","APXMIDP",20180127,13,35.75,823
"1526","MID","APXMIDP",20180127,14,35.3,822.1
"1626","MID","APXMIDP",20180127,15,39.73,1050.4
"1726","MID","APXMIDP",20180127,16,40.08,1053.45
"1826","MID","APXMIDP",20180127,17,41.93,1253.75
"1926","MID","APXMIDP",20180127,18,42.63,1125.45
"2026","MID","APXMIDP",20180127,19,46.92,1227.8
"2131","MID","APXMIDP",20180127,20,47.58,968.1
"2228","MID","APXMIDP",20180127,21,47.75,1040.65
"2326","MID","APXMIDP",20180127,22,47.69,994
"2426","MID","APXMIDP",20180127,23,48.75,739.65
"2526","MID","APXMIDP",20180127,24,49.26,756.85
"2626","MID","APXMIDP",20180127,25,49.01,762.15
"2726","MID","APXMIDP",20180127,26,48.08,757.2
"2826","MID","APXMIDP",20180127,27,46.37,887.9
"2926","MID","APXMIDP",20180127,28,45.86,1000.5
"3026","MID","APXMIDP",20180127,29,46.33,881.45
"3131","MID","APXMIDP",20180127,30,45.53,1028.45
"3228","MID","APXMIDP",20180127,31,48.75,846.8
"3326","MID","APXMIDP",20180127,32,48.21,822.85
"3426","MID","APXMIDP",20180127,33,44.58,1209.35
"3526","MID","APXMIDP",20180127,34,48.56,1548.45
"3626","MID","APXMIDP",20180127,35,59.06,1647.65
"3726","MID","APXMIDP",20180127,36,61.51,1603.25
"3826","MID","APXMIDP",20180127,37,59.81,1551.05
"3926","MID","APXMIDP",20180127,38,53.65,1268.65
"4026","MID","APXMIDP",20180127,39,46.33,1045.05
"4131","MID","APXMIDP",20180127,40,45.06,1009.9
"4228","MID","APXMIDP",20180127,41,43.78,1044.8
"4326","MID","APXMIDP",20180127,42,43.44,1082.2
"4425","MID","APXMIDP",20180127,43,44.32,1202.3
"4525","MID","APXMIDP",20180127,44,43.23,1229.7
"4625","MID","APXMIDP",20180127,45,42.34,1439.7
"4725","MID","APXMIDP",20180127,46,42.83,1487.85
"4824","MID","APXMIDP",20180127,47,40.22,510
"4923","MID","APXMIDP",20180127,48,28.98,300.5
"2132","MID","APXMIDP",20180128,1,33.51,300.5
"3132","MID","APXMIDP",20180128,2,31.87,646.35
"4132","MID","APXMIDP",20180128,3,32.23,807.05
"527","MID","APXMIDP",20180128,4,29.36,688.75
"627","MID","APXMIDP",20180128,5,29.69,649.65
"727","MID","APXMIDP",20180128,6,29.49,612.45
"827","MID","APXMIDP",20180128,7,28.02,715.35
"927","MID","APXMIDP",20180128,8,27.26,650.25
"1027","MID","APXMIDP",20180128,9,27.54,673.75
"1127","MID","APXMIDP",20180128,10,27.67,621.75
"1227","MID","APXMIDP",20180128,11,28.47,601.2
"1327","MID","APXMIDP",20180128,12,28.5,649.75
"1427","MID","APXMIDP",20180128,13,30.89,841.65
"1527","MID","APXMIDP",20180128,14,32.26,826
"1627","MID","APXMIDP",20180128,15,34.88,767.55
"1727","MID","APXMIDP",20180128,16,33.95,775.5
"1827","MID","APXMIDP",20180128,17,36.49,881.1
"1927","MID","APXMIDP",20180128,18,39.51,1005.25
"2027","MID","APXMIDP",20180128,19,49.47,731.3
"2133","MID","APXMIDP",20180128,20,47.66,688.2
"2229","MID","APXMIDP",20180128,21,44.62,657
"2327","MID","APXMIDP",20180128,22,46.38,683.35
"2427","MID","APXMIDP",20180128,23,42.33,544.45
"2527","MID","APXMIDP",20180128,24,42,571.5
"2627","MID","APXMIDP",20180128,25,41.34,655.3
"2727","MID","APXMIDP",20180128,26,42.34,606.55
"2827","MID","APXMIDP",20180128,27,41.15,744.4
"2927","MID","APXMIDP",20180128,28,41.6,630.5
"3027","MID","APXMIDP",20180128,29,41.27,691.75
"3133","MID","APXMIDP",20180128,30,40.74,852.2
"3229","MID","APXMIDP",20180128,31,45.91,954.7
"3327","MID","APXMIDP",20180128,32,45.48,1082.05
"3427","MID","APXMIDP",20180128,33,46.76,1215.35
"3527","MID","APXMIDP",20180128,34,53.06,1140.1
"3627","MID","APXMIDP",20180128,35,60.23,1329.95
"3727","MID","APXMIDP",20180128,36,60.45,1321.4
"3827","MID","APXMIDP",20180128,37,59.56,1556.85
"3927","MID","APXMIDP",20180128,38,56.17,1548.55
"4027","MID","APXMIDP",20180128,39,45.85,1720.4
"4133","MID","APXMIDP",20180128,40,44.67,1514.15
"4229","MID","APXMIDP",20180128,41,43.88,1180.4
"4327","MID","APXMIDP",20180128,42,44.26,1192.6
"4426","MID","APXMIDP",20180128,43,43.8,1609
"4526","MID","APXMIDP",20180128,44,42.23,1275.65
"4626","MID","APXMIDP",20180128,45,41.29,1799.55
"4726","MID","APXMIDP",20180128,46,40.68,2019.2
"4825","MID","APXMIDP",20180128,47,27.37,600.85
"4924","MID","APXMIDP",20180128,48,27.1,557.05
"2134","MID","APXMIDP",20180129,1,26.1,389.65
"3134","MID","APXMIDP",20180129,2,26.23,280
"4134","MID","APXMIDP",20180129,3,28.96,339.45
"528","MID","APXMIDP",20180129,4,26.17,326.65
"628","MID","APXMIDP",20180129,5,21.06,256.6
"728","MID","APXMIDP",20180129,6,15.39,247.5
"828","MID","APXMIDP",20180129,7,5.21,443.5
"928","MID","APXMIDP",20180129,8,3.09,465.25
"1028","MID","APXMIDP",20180129,9,4.75,381
"1128","MID","APXMIDP",20180129,10,3.68,332.25
"1228","MID","APXMIDP",20180129,11,7.45,333
"1328","MID","APXMIDP",20180129,12,23.54,495.5
"1428","MID","APXMIDP",20180129,13,41.86,960.8
"1528","MID","APXMIDP",20180129,14,39.57,1235.75
"1628","MID","APXMIDP",20180129,15,48.24,881.55
"1728","MID","APXMIDP",20180129,16,52.3,656.45
"1828","MID","APXMIDP",20180129,17,45.77,902.95
"1928","MID","APXMIDP",20180129,18,45.26,723.6
"2028","MID","APXMIDP",20180129,19,45.57,1084.25
"2135","MID","APXMIDP",20180129,20,44.71,937.1
"2230","MID","APXMIDP",20180129,21,44.8,993.95
"2328","MID","APXMIDP",20180129,22,43.92,948.25
"2428","MID","APXMIDP",20180129,23,41.01,850.05
"2528","MID","APXMIDP",20180129,24,40.04,957.95
"2628","MID","APXMIDP",20180129,25,39.87,948.85
"2728","MID","APXMIDP",20180129,26,39.43,1001
"2828","MID","APXMIDP",20180129,27,39.95,1101.5
"2928","MID","APXMIDP",20180129,28,39.86,1127.5
"3028","MID","APXMIDP",20180129,29,40.09,1155
"3135","MID","APXMIDP",20180129,30,40.11,1181.95
"3230","MID","APXMIDP",20180129,31,43.89,2163.4
"3328","MID","APXMIDP",20180129,32,46.11,1765.6
"3428","MID","APXMIDP",20180129,33,45.16,1932.2
"3528","MID","APXMIDP",20180129,34,49.3,2036.95
"3628","MID","APXMIDP",20180129,35,58.05,1980.6
"3728","MID","APXMIDP",20180129,36,60.11,1728.35
"3828","MID","APXMIDP",20180129,37,58.86,1546.5
"3928","MID","APXMIDP",20180129,38,55.87,2064.95
"4028","MID","APXMIDP",20180129,39,50.92,1095.05
"4135","MID","APXMIDP",20180129,40,48.59,952.85
"4230","MID","APXMIDP",20180129,41,51.02,1014.55
"4328","MID","APXMIDP",20180129,42,46.72,1140.5
"4427","MID","APXMIDP",20180129,43,49.95,851.85
"4527","MID","APXMIDP",20180129,44,48.38,916.35
"4627","MID","APXMIDP",20180129,45,48.84,1149.95
"4727","MID","APXMIDP",20180129,46,46.58,1699.2
"4826","MID","APXMIDP",20180129,47,51.01,639
"4925","MID","APXMIDP",20180129,48,44.3,422.6
"2136","MID","APXMIDP",20180130,1,47.01,395.95
"3136","MID","APXMIDP",20180130,2,49.92,468.55
"4136","MID","APXMIDP",20180130,3,50.99,544.5
"529","MID","APXMIDP",20180130,4,46.78,299.1
"629","MID","APXMIDP",20180130,5,47.3,339.05
"729","MID","APXMIDP",20180130,6,46.99,378.85
"829","MID","APXMIDP",20180130,7,44.94,460.5
"929","MID","APXMIDP",20180130,8,44.6,433.35
"1029","MID","APXMIDP",20180130,9,43.4,478.15
"1129","MID","APXMIDP",20180130,10,43.31,746.6
"1229","MID","APXMIDP",20180130,11,42.82,554.95
"1329","MID","APXMIDP",20180130,12,43.05,635.5
"1429","MID","APXMIDP",20180130,13,47.51,720.5
"1529","MID","APXMIDP",20180130,14,42.87,579.5
"1629","MID","APXMIDP",20180130,15,49.87,1131.9
"1729","MID","APXMIDP",20180130,16,56.71,1025.35
"1829","MID","APXMIDP",20180130,17,61.78,1049.65
"1929","MID","APXMIDP",20180130,18,62.68,1212.35
"2029","MID","APXMIDP",20180130,19,62.23,939.6
"2137","MID","APXMIDP",20180130,20,56.19,870.1
"2231","MID","APXMIDP",20180130,21,52.9,987.25
"2329","MID","APXMIDP",20180130,22,50.93,1171.7
"2429","MID","APXMIDP",20180130,23,40.83,1077.6
"2529","MID","APXMIDP",20180130,24,40.48,1072
"2629","MID","APXMIDP",20180130,25,40.62,1019.1
"2729","MID","APXMIDP",20180130,26,40,1089.75
"2829","MID","APXMIDP",20180130,27,40.54,1413.5
"2929","MID","APXMIDP",20180130,29,40.74,1581
"3029","MID","APXMIDP",20180130,30,40.83,1520
"3137","MID","APXMIDP",20180130,31,45.77,1398.35
"3231","MID","APXMIDP",20180130,32,49.31,1086.7
"3329","MID","APXMIDP",20180130,33,50.15,1359.9
"3429","MID","APXMIDP",20180130,34,59.18,1159.55
"3529","MID","APXMIDP",20180130,35,74.45,1232
"3629","MID","APXMIDP",20180130,36,72.6,1253.45
"3729","MID","APXMIDP",20180130,37,69.85,1601.3
"3829","MID","APXMIDP",20180130,38,65.2,1347.55
"3929","MID","APXMIDP",20180130,39,56.47,1164
"4029","MID","APXMIDP",20180130,40,48.14,1017
"4137","MID","APXMIDP",20180130,41,48.29,844.8
"4231","MID","APXMIDP",20180130,42,45.8,979.5
"4329","MID","APXMIDP",20180130,43,45.45,1581.55
"4428","MID","APXMIDP",20180130,44,45.3,1237.75
"4528","MID","APXMIDP",20180130,45,44.43,1650.65
"4628","MID","APXMIDP",20180130,46,43.38,1679.2
"4728","MID","APXMIDP",20180130,47,44.64,697.7
"4827","MID","APXMIDP",20180130,48,40.87,489.95
"2138","MID","APXMIDP",20180131,1,40.85,392.15
"3138","MID","APXMIDP",20180131,2,45.06,668.5
"4138","MID","APXMIDP",20180131,3,44.44,615.9
"530","MID","APXMIDP",20180131,4,42.37,688.6
"630","MID","APXMIDP",20180131,5,41.94,568.35
"730","MID","APXMIDP",20180131,6,41.92,712.1
"830","MID","APXMIDP",20180131,7,36.38,565.65
"930","MID","APXMIDP",20180131,8,35.87,674.2
"1030","MID","APXMIDP",20180131,9,35.06,754.1
"1130","MID","APXMIDP",20180131,10,35.27,749.55
"1230","MID","APXMIDP",20180131,11,34.93,648.2
"1330","MID","APXMIDP",20180131,12,39.92,723.45
"1430","MID","APXMIDP",20180131,13,43.02,651.65
"1530","MID","APXMIDP",20180131,14,39.93,1161.1
"1630","MID","APXMIDP",20180131,15,44.84,777.25
"1730","MID","APXMIDP",20180131,16,47.58,789.6
"1830","MID","APXMIDP",20180131,17,53.13,487.7
"1930","MID","APXMIDP",20180131,18,50.37,542.9
"2030","MID","APXMIDP",20180131,19,48.12,482.1
"2139","MID","APXMIDP",20180131,20,45.13,529.3
"2232","MID","APXMIDP",20180131,21,44.11,538.5
"2330","MID","APXMIDP",20180131,22,44.78,581.95
"2430","MID","APXMIDP",20180131,23,42.64,675.45
"2530","MID","APXMIDP",20180131,24,40.43,686
"2630","MID","APXMIDP",20180131,25,41.83,605.7
"2730","MID","APXMIDP",20180131,26,42.49,609.15
"2830","MID","APXMIDP",20180131,27,42.19,846.2
"2930","MID","APXMIDP",20180131,28,41.34,789.85
"3030","MID","APXMIDP",20180131,29,41.53,838.1
"3139","MID","APXMIDP",20180131,30,40.94,983.75
"3232","MID","APXMIDP",20180131,31,44.85,999
"3330","MID","APXMIDP",20180131,32,45.57,697.75
"3430","MID","APXMIDP",20180131,33,42.08,1249
"3530","MID","APXMIDP",20180131,34,50.51,891.55
"3630","MID","APXMIDP",20180131,35,69.15,739
"3730","MID","APXMIDP",20180131,36,68.87,587.15
"3830","MID","APXMIDP",20180131,37,72.63,768.55
"3930","MID","APXMIDP",20180131,38,67.95,867.8
"4030","MID","APXMIDP",20180131,39,62.66,633.65
"4139","MID","APXMIDP",20180131,40,56.23,566.75
"4232","MID","APXMIDP",20180131,41,51.91,632.95
"4330","MID","APXMIDP",20180131,42,47.59,621.9
"4429","MID","APXMIDP",20180131,43,47.28,1198.45
"4529","MID","APXMIDP",20180131,44,45.95,991.55
"4629","MID","APXMIDP",20180131,45,46.05,1088.85
"4729","MID","APXMIDP",20180131,46,45.95,1210.4
"4828","MID","APXMIDP",20180131,47,45.95,785.85
"4926","MID","APXMIDP",20180131,48,44.1,652.3
